{
    "0":{
        "loss":577741.875,
        "mae":529.2412109375,
        "mse":577741.875
    },
    "1":{
        "loss":370300.375,
        "mae":463.8787231445,
        "mse":370300.375
    },
    "2":{
        "loss":365699.84375,
        "mae":460.9247131348,
        "mse":365699.84375
    },
    "3":{
        "loss":356362.96875,
        "mae":449.0268859863,
        "mse":356362.96875
    },
    "4":{
        "loss":343517.5625,
        "mae":437.714630127,
        "mse":343517.5625
    },
    "5":{
        "loss":323597.125,
        "mae":419.5921630859,
        "mse":323597.125
    }
}