{
    "loss": 307597.84375,
    "mae": 408.3556823730469,
    "mse": 307597.84375
}