{"avg_score":{"('mae', 'cv_mean')":2.1709710356,"('mae', 'manual')":2.1708046826,"('mre', 'cv_mean')":0.0247156573,"('mre', 'manual')":0.0247135642,"('mse', 'cv_mean')":18.3529411982,"('mse', 'manual')":18.3510028353,"('r2', 'cv_mean')":0.3253518124,"('r2', 'manual')":0.4565175981},"number_of_registration":{"('mae', 'cv_mean')":8.666226444,"('mae', 'manual')":8.6656425709,"('mre', 'cv_mean')":0.9669030261,"('mre', 'manual')":0.9669569842,"('mse', 'cv_mean')":192.1923858574,"('mse', 'manual')":192.1457799169,"('r2', 'cv_mean')":-0.237014013,"('r2', 'manual')":0.3245291722},"sub_reg_ratio":{"('mae', 'cv_mean')":0.0967741028,"('mae', 'manual')":0.0967741089,"('mre', 'cv_mean')":0.6403972094,"('mre', 'manual')":0.6404178794,"('mse', 'cv_mean')":0.027370989,"('mse', 'manual')":0.0273719683,"('r2', 'cv_mean')":0.0560886919,"('r2', 'manual')":0.1889016436}}