{
    "loss": 750499.3125,
    "mae": 570.0265502929688,
    "mse": 750499.3125,
    "mre": 0.9396610856056213
}