{
    "0":{
        "loss":814530.4375,
        "mae":618.3657226562,
        "mse":814530.4375,
        "mre":0.987722218
    },
    "1":{
        "loss":793779.25,
        "mae":605.8059082031,
        "mse":793779.25,
        "mre":0.9737839103
    },
    "2":{
        "loss":799146.375,
        "mae":608.1663818359,
        "mse":799146.375,
        "mre":0.9658467174
    },
    "3":{
        "loss":807096.375,
        "mae":612.9428710938,
        "mse":807096.375,
        "mre":0.9560596943
    },
    "4":{
        "loss":801744.5625,
        "mae":609.4930419922,
        "mse":801744.5625,
        "mre":0.9490613937
    },
    "5":{
        "loss":805109.875,
        "mae":609.0487670898,
        "mse":805109.875,
        "mre":0.9387200475
    }
}