{
    "regressor": "AdaBoostRegressor",
    "best_params": {
        "base_estimator__max_depth": 10,
        "learning_rate": 0.1,
        "loss": "exponential",
        "n_estimators": 2000
    },
    "best_score_in_gs": 0.35842374256506837,
    "train_scrore_from_gs": 0.4527715107205273,
    "test_score_from_gs": 0.3772027518434415,
    "manual_test_precision": 0.3772027518434415,
    "manual_test_recall": 0.19731860375481317,
    "manual_test_fscore": 0.31903376440021736,
    "manual_test_mae": 1.9460092040020789,
    "manual_test_mse": 18.085728433905537,
    "manual_test_r2": 0.5190956606844181,
    "target": "avg_score",
    "dv": 1
}